respondent,appeal_allergy_immune,try_relaxing_drink,natural_ingredients,buy_the_benefits,relevant_to_my_life,relax_no_caffeine,sustainability_local,benefits_differentiate,birch_sap_influence,alcohol_alternative,low_sugar_importance,replace_energy_drinks,brand_transparency,social_trends,fitness_importance,selfcare_routines,pay_premium,trust_new_brands,age_group,gender,income,region,buy_channel,education,ethnicity
1,5,5,5,5,5,5,5,5,4,5,5,5,5,4,5,5,4,3,1,2,1,1,1,1,1
2,5,5,3,5,5,5,4,4,4,5,5,5,5,5,5,5,5,4,1,2,1,1,1,2,1
3,5,4,2,4,4,3,4,4,3,5,4,5,4,3,4,5,5,3,1,1,6,1,2,2,2
4,4,3,4,4,3,4,4,4,4,4,4,4,4,4,4,3,2,4,1,1,2,1,1,3,2
5,3,4,3,4,3,3,2,3,3,3,3,3,3,3,3,3,3,3,1,1,4,2,1,1,3
6,4,4,1,5,5,1,3,5,2,4,3,4,3,3,2,3,3,2,1,1,2,2,2,2,3
7,1,1,1,2,2,1,5,1,1,3,3,3,4,2,3,3,3,2,1,1,6,1,1,3,2
8,3,4,4,3,3,4,3,2,3,5,1,2,3,1,3,3,2,3,1,2,1,2,2,3,3
9,4,5,5,5,4,5,4,4,4,2,5,5,5,4,4,5,4,4,4,2,6,2,1,4,1
10,3,3,5,4,2,1,3,4,4,5,4,5,5,1,5,5,3,3,1,1,6,2,1,2,1
11,4,3,4,3,4,4,4,5,5,4,5,5,5,2,4,3,4,3,1,1,1,3,2,3,1
12,5,4,5,5,5,5,4,4,4,4,5,4,5,1,5,3,4,4,4,1,6,2,1,4,1
13,4,4,2,2,2,3,5,3,3,3,4,1,5,3,5,5,4,3,6,2,6,3,1,5,1
14,4,3,3,4,4,3,3,3,1,5,5,1,1,1,2,2,3,2,2,1,4,2,2,3,5
15,4,5,4,5,4,4,4,4,4,5,5,5,5,4,5,5,4,3,1,2,6,2,1,3,2
16,5,4,1,5,4,2,4,4,3,5,5,4,4,5,3,4,2,3,1,1,1,1,2,3,2
17,2,3,3,4,2,3,4,3,4,3,2,3,4,4,3,2,2,3,1,2,2,5,2,3,4
18,5,5,4,5,5,5,3,3,4,3,4,4,5,3,5,5,4,3,1,2,1,1,1,3,9
19,4,3,4,3,3,4,2,2,3,2,1,3,2,3,2,3,2,3,3,3,1,6,5,3,2
20,4,5,1,5,3,3,5,5,4,3,5,1,5,1,2,3,4,1,1,1,1,1,1,1,2
21,3,4,4,4,3,4,4,3,2,3,4,4,4,3,2,2,4,3,2,3,4,3,1,4,6
22,3,4,3,2,3,4,1,1,1,1,1,1,1,1,2,1,1,1,1,3,4,3,3,1,2
23,1,1,1,1,1,1,1,1,1,1,1,1,1,1,1,1,1,1,2,1,1,3,3,1,4
24,4,3,4,3,3,3,4,4,4,4,5,4,5,4,5,5,5,3,4,2,4,4,1,4,1
25,3,2,3,4,3,4,3,3,3,3,3,4,3,2,3,2,3,2,1,2,3,3,1,3,4
26,4,2,3,2,3,2,2,3,3,2,3,4,5,5,5,4,5,4,1,2,1,4,1,2,1
27,4,3,4,5,4,5,4,5,4,3,4,5,4,3,4,5,4,3,2,2,2,2,4,3,2
28,4,5,4,4,4,5,3,4,4,3,4,3,2,3,5,3,4,3,1,2,3,1,1,3,2
29,5,4,5,5,5,5,5,4,4,5,5,4,4,5,4,5,3,4,1,2,1,2,1,2,2
30,2,2,1,3,3,2,2,2,2,1,3,3,4,2,3,3,3,2,1,1,3,1,2,1,3
31,2,1,1,4,3,1,1,3,1,1,4,1,2,1,4,2,2,2,1,1,1,1,2,2,1
32,5,5,4,5,4,5,4,5,5,5,5,5,5,4,5,5,5,3,1,2,1,1,1,3,7
33,3,1,2,2,3,2,5,4,3,4,5,3,5,4,4,3,2,1,1,2,1,4,1,2,1
34,4,5,2,4,3,1,5,3,2,3,5,5,5,2,5,5,3,2,1,2,1,5,1,1,2
35,5,5,5,5,5,5,5,5,3,5,3,5,5,5,5,2,2,3,1,2,1,2,2,3,3
36,5,4,5,5,4,4,5,4,4,5,5,4,5,5,4,5,4,3,4,1,5,4,1,5,1
37,5,5,5,5,4,5,5,5,4,5,5,5,5,5,4,5,4,3,4,1,6,4,3,4,1
38,4,3,4,4,4,4,2,3,4,3,3,3,4,5,3,3,4,3,6,1,2,4,1,4,5
39,4,3,2,3,3,4,4,3,1,4,4,3,4,1,2,4,3,1,5,2,1,1,1,2,3
40,4,3,2,4,4,2,4,2,1,2,2,3,4,2,3,3,3,2,1,1,2,1,1,3,7
41,5,1,5,5,5,5,5,4,5,5,5,1,5,1,5,5,5,3,1,2,1,2,1,2,4
42,4,4,3,4,2,4,2,4,2,4,3,5,5,3,4,3,3,4,1,2,1,2,6,2,2
43,5,5,5,5,5,5,5,5,1,5,5,5,5,3,5,5,5,2,4,2,2,4,1,4,2
44,5,5,5,5,5,5,5,5,5,5,5,5,5,5,5,5,5,5,1,1,1,1,1,1,2
45,5,5,5,5,5,5,5,5,5,5,5,5,5,5,5,5,5,5,1,1,1,1,1,1,9
46,5,4,3,4,3,3,4,3,3,3,4,4,4,4,4,4,4,4,1,1,2,1,1,2,9
47,3,3,3,3,3,3,3,3,3,3,3,3,3,3,3,3,3,3,1,1,2,1,6,3,4
48,2,2,3,2,1,1,3,3,3,4,1,3,4,3,3,2,4,3,1,1,1,1,1,1,2
49,4,3,4,4,5,2,4,3,4,5,5,3,5,4,5,4,4,3,1,1,1,1,2,2,2
50,1,1,1,1,1,1,5,5,1,3,4,2,5,3,2,1,2,1,1,1,1,1,1,3,2
51,5,5,5,5,5,5,5,5,5,5,5,3,5,5,5,5,5,5,1,1,1,1,2,1,2
52,4,5,2,4,4,5,4,3,4,4,5,4,3,3,5,5,3,4,1,1,1,2,1,1,4
53,1,3,5,5,5,5,1,3,3,3,5,4,4,2,4,5,3,2,1,1,6,1,3,5,2
54,2,5,2,4,4,4,3,4,1,3,5,5,5,3,3,4,3,4,1,1,1,1,1,2,3
55,3,4,3,5,3,4,3,4,3,3,3,4,3,2,3,3,2,2,3,1,1,1,2,1,2
56,4,3,4,4,2,5,4,4,4,1,4,5,5,1,3,4,4,2,1,1,2,6,1,1,8
57,5,1,4,5,2,5,4,3,2,4,4,5,5,1,5,4,3,4,1,2,1,1,1,3,2
58,4,4,4,3,5,2,4,4,3,1,2,4,5,2,4,4,4,3,1,1,1,5,1,1,4
59,5,5,3,3,3,3,3,3,3,3,4,3,1,3,3,4,4,4,1,1,6,1,5,5,8
60,3,4,5,4,5,4,5,3,1,5,5,5,5,1,5,3,4,1,2,2,1,3,2,3,2
61,3,5,3,5,4,4,4,3,4,4,4,5,2,4,4,3,3,4,1,2,1,1,1,1,2
62,4,2,3,4,4,3,4,3,2,1,2,4,3,4,3,2,2,3,1,1,1,4,1,2,1
63,5,3,4,5,5,4,5,3,5,3,5,3,5,1,5,5,3,1,5,2,2,4,1,4,1
64,5,5,4,5,5,5,5,4,3,5,5,5,5,4,5,5,4,5,4,2,5,1,1,4,2
65,4,4,3,4,5,5,5,3,3,4,5,5,5,2,4,5,4,1,1,2,1,1,1,3,1
66,5,3,5,3,3,5,3,3,3,5,5,5,3,1,5,5,5,4,2,1,1,4,1,2,1
67,3,3,3,3,3,3,3,3,3,3,3,3,3,3,3,3,3,3,4,1,6,4,4,3,1
68,3,2,1,4,3,3,3,3,3,3,3,3,4,2,3,3,3,2,4,1,2,2,1,2,2
69,3,2,2,3,3,1,3,1,1,1,3,1,1,1,1,2,1,2,1,2,5,2,2,4,1
70,5,5,5,5,4,5,4,4,3,1,3,4,4,3,4,4,5,2,5,1,6,4,2,3,2
71,5,5,4,5,5,5,3,3,3,2,5,1,3,1,1,3,3,2,4,2,2,4,1,4,1
72,5,5,4,5,4,3,5,3,4,4,5,5,5,1,5,5,3,3,4,1,2,4,5,3,1
73,5,5,5,5,5,5,5,5,5,5,5,5,5,3,5,5,4,5,1,1,4,4,1,4,1
74,4,2,4,5,4,3,4,4,5,2,5,4,5,5,5,5,5,5,1,2,1,1,1,2,2
75,5,3,5,5,5,4,5,5,5,5,5,5,5,5,5,5,5,3,4,2,1,1,1,2,1
76,4,2,3,3,4,2,3,2,2,3,4,2,3,2,4,4,3,2,1,2,2,4,6,4,1
77,5,5,5,3,3,5,3,4,3,4,4,2,5,2,5,5,3,2,1,1,1,1,5,1,1
