ID,appeal_allergy_immune,try_relaxing_drink,natural_ingredients,buy_the_benefits,relevant_to_my_life,relax_no_caffeine,sustainability_local,benefits_differentiate,birch_sap_influence,alcohol_alternative,low_sugar_importance,replace_energy_drinks,brand_transparency,social_trends,fitness_importance,selfcare_routines,pay_premium,trust_new_brands,age_group,gender,income,region,buy_channel,education,ethnicity,comments,timestamp
R001,5,5,5,5,5,5,5,5,4,5,5,5,5,4,5,5,4,3,1,2,1,1,1,1,1,,2024-11-12 10:01
R002,5,5,3,5,5,5,4,4,4,5,5,5,5,5,5,5,5,4,1,2,1,1,1,2,1,,2024-11-12 10:02
R003,5,4,2,4,4,3,4,4,3,5,4,5,4,3,4,5,5,3,1,1,6,1,2,2,2,,2024-11-12 10:03
R004,4,3,4,4,3,4,4,4,4,4,4,4,4,4,4,3,2,4,1,1,2,1,1,3,2,,2024-11-12 10:04
R005,3,4,3,4,3,3,2,3,3,3,3,3,3,3,3,3,3,3,1,1,4,2,1,1,3,,2024-11-12 10:05
R006,4,4,1,5,5,1,3,5,2,4,3,4,3,3,2,3,3,2,1,1,2,2,2,2,3,,2024-11-12 10:06
R007,5,5,5,5,5,5,5,5,5,5,5,5,5,5,5,5,5,5,1,1,6,1,1,3,2,,2024-11-12 10:07
R008,3,4,4,3,3,4,3,2,3,5,1,2,3,1,3,3,2,3,1,2,1,2,2,3,3,,2024-11-12 10:08
R009,4,5,5,5,4,5,4,4,4,2,5,5,5,4,4,5,4,4,4,Female,6,2,1,4,1,,2024-11-12 10:09
R010,3,3,5,4,2,1,3,4,4,5,4,5,5,1,5,5,3,3,1,1,6,2,1,2,1,,2024-11-12 10:10
R011,4,3,4,3,4,4,4,5,5,4,5,5,5,2,4,3,4,3,16-20,1,1,3,2,3,1,,2024-11-12 10:11
R012,5,4,5,5,5,5,4,4,4,4,5,4,5,1,5,3,4,4,4,1,6,2,1,4,1,,2024-11-12 10:12
R013,4,4,,2,2,3,5,3,3,3,4,1,5,3,5,5,4,3,6,2,6,3,1,5,1,,2024-11-12 10:13
R014,4,3,3,4,4,3,3,3,1,5,5,1,1,1,2,2,3,2,2,1,4,2,2,3,5,,2024-11-12 10:14
R015,4,5,4,5,4,4,4,4,4,5,5,5,5,4,5,5,4,3,1,2,6,2,1,3,2,,2024-11-12 10:15
R016,5,4,1,5,4,2,4,4,3,5,5,4,4,5,3,4,2,3,1,1,1,1,2,3,2,,2024-11-12 10:16
R017,2,3,3,4,4,3,4,3,4,3,2,3,4,4,3,2,2,3,1,2,2,5,2,3,4,,2024-11-12 10:17
R018,5,5,4,5,5,5,3,3,4,3,4,4,5,3,5,5,4,3,1,Female,1,1,1,3,9,,2024-11-12 10:18
R019,4,3,4,3,3,4,2,2,3,2,1,3,2,3,2,3,2,3,3,3,1,6,5,3,2,,2024-11-12 10:19
R020,4,5,1,5,3,3,5,5,4,3,5,1,5,1,2,3,4,1,1,1,1,1,1,1,2,,2024-11-12 10:20
R021,3,4,4,4,3,4,4,3,2,3,4,4,4,3,2,2,4,3,2,3,4,3,1,4,6,,2024-11-12 10:21
R022,3,4,3,2,3,4,1,1,1,1,1,1,1,1,2,1,1,1,16-20,3,4,3,3,1,2,,2024-11-12 10:22
R023,1,1,1,1,1,1,1,1,1,1,1,1,1,1,1,1,1,1,2,1,1,3,3,1,4,,2024-11-12 10:23
R023,1,1,1,1,1,1,1,1,1,1,1,1,1,1,1,1,1,1,2,1,1,3,3,1,4,,2024-11-12 10:23
R024,4,3,4,3,3,3,4,4,4,4,5,4,5,4,5,5,5,3,4,2,4,4,1,4,1,,2024-11-12 10:24
R025,3,2,3,4,3,4,3,3,3,3,3,4,3,2,3,2,3,2,1,2,3,3,1,3,4,,2024-11-12 10:25
R026,4,2,,2,3,2,2,3,3,2,3,4,5,5,5,4,5,4,1,2,1,4,1,2,1,,2024-11-12 10:26
R027,4,3,4,5,4,5,4,5,4,3,4,5,4,3,4,5,4,3,2,Female,2,2,4,3,2,,2024-11-12 10:27
R028,4,5,4,4,4,5,3,4,4,3,4,3,2,3,5,3,4,3,1,2,3,1,1,3,2,,2024-11-12 10:28
R029,5,4,5,5,5,5,5,4,4,5,5,4,4,5,4,5,3,4,1,2,1,2,1,2,2,,2024-11-12 10:29
R030,2,2,1,3,3,2,2,2,2,1,3,3,4,2,3,3,3,2,1,1,3,1,2,1,3,,2024-11-12 10:30
R031,2,1,1,4,3,1,1,3,1,1,4,1,2,1,4,2,2,2,1,1,1,1,2,2,1,,2024-11-12 10:31
R032,5,5,4,5,4,5,4,5,5,5,5,5,5,4,5,5,5,3,1,2,1,1,1,3,7,,2024-11-12 10:32
R033,3,1,2,2,3,2,5,4,3,4,5,3,5,4,4,3,2,1,16-20,2,1,4,1,2,1,,2024-11-12 10:33
R034,4,5,2,4,6,1,5,3,2,3,5,5,5,2,5,5,3,2,1,2,1,5,1,1,2,,2024-11-12 10:34
R035,5,5,5,5,5,5,5,5,3,5,3,5,5,5,5,2,2,3,1,2,1,2,2,3,3,,2024-11-12 10:35
R036,5,4,5,5,4,4,5,4,4,5,5,4,5,5,4,5,4,3,4,Male,5,4,1,5,1,,2024-11-12 10:36
R037,5,5,5,5,4,5,5,5,4,5,5,5,5,5,4,5,4,3,4,1,6,4,3,4,1,,2024-11-12 10:37
R038,4,3,4,4,4,4,2,3,4,3,3,3,4,5,3,3,4,3,6,1,2,4,1,4,5,,2024-11-12 10:38
R039,4,3,,3,3,4,4,3,1,4,4,3,4,1,2,4,3,1,5,2,1,1,1,2,3,,2024-11-12 10:39
R040,4,3,2,4,4,2,4,2,1,2,2,3,4,2,3,3,3,2,1,1,2,1,1,3,7,,2024-11-12 10:40
R041,5,1,5,5,5,5,5,4,5,5,5,1,5,1,5,5,5,3,1,2,1,2,1,2,4,,2024-11-12 10:41
R042,4,4,3,4,2,4,2,4,2,4,3,5,5,3,4,3,3,4,1,2,1,2,6,2,2,,2024-11-12 10:42
R043,5,5,5,5,5,5,5,5,1,5,5,5,5,3,5,5,5,2,4,2,2,4,1,4,2,,2024-11-12 10:43
R044,5,5,5,5,5,5,5,5,5,5,5,5,5,5,5,5,5,5,16-20,1,1,1,1,1,2,,2024-11-12 10:44
R045,5,5,5,5,5,5,5,5,5,5,5,5,5,5,5,5,5,5,1,Male,1,1,1,1,9,,2024-11-12 10:45
R046,5,4,3,4,3,3,4,3,3,3,4,4,4,4,4,4,4,4,1,1,2,1,1,2,9,,2024-11-12 10:46
R047,3,3,3,3,3,3,3,3,3,3,3,3,3,3,3,3,3,3,1,1,2,1,6,3,4,,2024-11-12 10:47
R048,2,2,3,2,1,1,3,3,3,4,1,3,4,3,3,2,4,3,1,1,1,1,1,1,2,,2024-11-12 10:48
R049,4,3,4,4,5,2,4,3,4,5,5,3,5,4,5,4,4,3,1,1,1,1,2,2,2,,2024-11-12 10:49
R050,1,1,1,1,1,1,5,5,1,3,4,2,5,3,2,1,2,1,1,1,1,1,1,3,2,,2024-11-12 10:50
R051,5,5,5,5,10,5,5,5,5,5,5,3,5,5,5,5,5,5,1,1,1,1,2,1,2,,2024-11-12 10:51
R052,4,5,,4,4,5,4,3,4,4,5,4,3,3,5,5,3,4,1,1,1,2,1,1,4,,2024-11-12 10:52
R053,1,3,5,5,5,5,1,3,3,3,5,4,4,2,4,5,3,2,1,1,6,1,3,5,2,,2024-11-12 10:53
R054,2,5,2,4,4,4,3,4,1,3,5,5,5,3,3,4,3,4,1,Male,1,1,1,2,3,,2024-11-12 10:54
R055,3,4,3,5,3,4,3,4,3,3,3,4,3,2,3,3,2,2,Under 16,1,1,1,2,1,2,,2024-11-12 10:55
R056,4,3,4,4,2,5,4,4,4,1,4,5,5,1,3,4,4,2,1,1,2,6,1,1,8,,2024-11-12 10:56
R057,5,1,4,5,2,5,4,3,2,4,4,5,5,1,5,4,3,4,1,2,1,1,1,3,2,,2024-11-12 10:57
R058,4,4,4,3,5,2,4,4,3,1,2,4,5,2,4,4,4,3,1,1,1,5,1,1,4,,2024-11-12 10:58
R059,5,5,3,3,3,3,3,3,3,3,4,3,1,3,3,4,4,4,1,1,6,1,5,5,8,,2024-11-12 10:59
R060,3,4,5,4,5,4,5,3,1,5,5,5,5,1,5,3,4,1,2,2,1,3,2,3,2,,2024-11-12 10:00
R061,3,5,3,5,4,4,4,3,4,4,4,5,2,4,4,3,3,4,1,2,1,1,1,1,2,,2024-11-12 10:01
R062,4,2,3,4,4,3,4,3,2,1,2,4,3,4,3,2,2,3,1,1,1,4,1,2,1,,2024-11-12 10:02
R063,5,3,4,5,5,4,5,3,5,3,5,3,5,1,5,5,3,1,5,Female,2,4,1,4,1,,2024-11-12 10:03
R064,5,5,4,5,5,5,5,4,3,5,5,5,5,4,5,5,4,5,4,2,5,1,1,4,2,,2024-11-12 10:04
R065,4,4,,4,5,5,5,3,3,4,5,5,5,2,4,5,4,1,1,2,1,1,1,3,1,,2024-11-12 10:05
R066,5,3,5,3,3,5,3,3,3,5,5,5,3,1,5,5,5,4,21-25,1,1,4,1,2,1,,2024-11-12 10:06
R067,3,3,3,3,3,3,3,3,3,3,3,3,3,3,3,3,3,3,4,1,6,4,4,3,1,,2024-11-12 10:07
R068,3,2,1,4,6,3,3,3,3,3,3,3,4,2,3,3,3,2,4,1,2,2,1,2,2,,2024-11-12 10:08
R069,3,2,2,3,3,1,3,1,1,1,3,1,1,1,1,2,1,2,1,2,5,2,2,4,1,,2024-11-12 10:09
R070,5,5,5,5,4,5,4,4,3,1,3,4,4,3,4,4,5,2,5,1,6,4,2,3,2,,2024-11-12 10:10
R071,5,5,4,5,5,5,3,3,3,2,5,1,3,1,1,3,3,2,4,2,2,4,1,4,1,,2024-11-12 10:11
R072,5,5,4,5,4,3,5,3,4,4,5,5,5,1,5,5,3,3,4,Male,2,4,5,3,1,,2024-11-12 10:12
R073,5,5,5,5,5,5,5,5,5,5,5,5,5,3,5,5,4,5,1,1,4,4,1,4,1,,2024-11-12 10:13
R074,4,2,4,5,4,3,4,4,5,2,5,4,5,5,5,5,5,5,1,2,1,1,1,2,2,,2024-11-12 10:14
R075,5,3,5,5,5,4,5,5,5,5,5,5,5,5,5,5,5,3,4,2,1,1,1,2,1,,2024-11-12 10:15
R076,4,2,3,3,4,2,3,2,2,3,4,2,3,2,4,4,3,2,1,2,2,4,6,4,1,,2024-11-12 10:16
R077,5,5,5,3,3,5,3,4,3,4,4,2,5,2,5,5,3,2,16-20,1,1,1,5,1,1,,2024-11-12 10:17
